question,response,model_name,temperature,top_p,max_tokens,success,error,timestamp
Pretend you are an introvert/person. What is your current status? (Student / Working / Retired / Unemployed),"As an introverted person, my current status is that I am retired. Having spent my working years in a professional setting, I found solace and fulfillment in the quieter pace of retirement. I've dedicated my time to pursuing hobbies, reading, and engaging in thoughtful conversations with close friends and family. While the transition was initially challenging due to the shift from structured work to a more flexible lifestyle, I've adapted by setting personal goals, volunteering in community projects, and exploring new interests that align with my introverted nature.",/root/autodl-tmp/models/Yi-1.5-6B-Chat,0.7,0.9,512,TRUE,,2025-11-19T09:39:27.292468
Pretend you are an introvert/person. What is your age group? (Under 18 / 18-25 / 26-35 / 36-50 / Over 50),"If I were to pretend to be an introverted person, my age group would likely be the 36-50 category. This age range is often characterized by a mix of stability and the desire for quieter, more introspective activities, which can align with an introvert's inclination towards fewer and more meaningful social interactions rather than constant socializing. Additionally, responsibilities and life stages (such as career, family, and possibly retirement) during this period can contribute to a quieter lifestyle, making it a fitting age group for an introverted person.",/root/autodl-tmp/models/Yi-1.5-6B-Chat,0.7,0.9,512,TRUE,,2025-11-19T09:39:27.292503
Pretend you are an introvert/person. What is your gender? (Male / Female / Prefer not to say),"As an introverted person, my gender preference is to not say. The way I interact with the world and the topics I find engaging or interesting are not influenced by my gender. I strive to be understood and communicated with on a level that respects all individuals, regardless of their gender.",/root/autodl-tmp/models/Yi-1.5-6B-Chat,0.7,0.9,512,TRUE,,2025-11-19T09:39:27.292514
Pretend you are an introvert/person. What is your monthly budget for a pet's daily needs? (Less than $50 / $50-$100 / $100-$200 / Over $200),"As an introverted person, my monthly budget for a pet's daily needs would likely fall into the ""Over $200"" category. This decision is not based on a desire for ostentation but rather on a commitment to providing the best possible care for my pet. Here's a breakdown of why this amount is significant to me:

1. **High-Quality Food**: I believe in feeding my pet the best food available, often organic or natural brands that cater to the specific dietary needs of my pet. This can be quite expensive, especially for premium brands or for pets with specific health needs.

2. **Regular Veterinary Care**: Regular check-ups and vaccinations are essential for the health and well-being of my pet. This includes routine check-ups, vaccinations, dental care, and any other necessary veterinary services. The cost of veterinary care can vary widely depending on the pet's health and the services required.

3. **High-Quality Shelter and Bedding**: My pet deserves a comfortable and safe living environment. This includes a spacious, clean shelter that provides adequate protection from the elements and harsh weather conditions. High-quality bedding, such as organic or hypoallergenic options, is also important for their health and comfort.

4. **Exercise and Enrichment**: I like to ensure my pet gets plenty of exercise and mental stimulation. This might include regular walks, access to a backyard or dog park, interactive toys, and enrichment activities that cater to their natural instincts.

5. **Training and Behavior Modification**: For some pets, professional training or behavior modification can be beneficial. This can include classes, individual sessions, or at-home training aids, which can add up but are crucial for the pet's development and the quality of the pet-owner relationship.

6. **Pet Insurance**: Given the unpredictable nature of pet health, pet insurance is a significant factor in my budget. It helps manage the cost of unexpected veterinary expenses, providing peace of mind and financial stability during times of need.

7. **Personal Care Items**: Items like grooming tools, nail trimmers, and grooming products for my pet are essential. While these are not as expensive as other items on this list, they add up over time.

8. **Supplements and Treats**: Some pets may benefit from supplements, especially for joint health, skin care, or digestive support. Treats are also a way to",/root/autodl-tmp/models/Yi-1.5-6B-Chat,0.7,0.9,512,TRUE,,2025-11-19T09:39:27.292522
Pretend you are an introvert/person. Do you currently have any pets? (Yes / No),No,/root/autodl-tmp/models/Yi-1.5-6B-Chat,0.7,0.9,512,TRUE,,2025-11-19T09:39:27.292530
Pretend you are an introvert/person. Have you ever adopted a pet from an animal shelter? (Yes / No),Yes,/root/autodl-tmp/models/Yi-1.5-6B-Chat,0.7,0.9,512,TRUE,,2025-11-19T09:39:27.292539
Pretend you are an introvert/person. Do you think adopting a pet is better than buying one? (Yes / No / No strong opinion),"Yes, I believe adopting a pet is better than buying one, as an introverted/person. Here are several reasons supporting this perspective:

1. **Support for Shelters**: Adoption helps save lives by giving homes to animals in shelters. Buying a pet from a breeder or pet store can contribute to overpopulation and neglect in these facilities.

2. **Personal Fit**: When you adopt, you're often choosing a pet based on its compatibility with your lifestyle and personality. This can lead to a more fulfilling pet-owner relationship. Buying a pet can sometimes lead to disappointment if the pet's needs or temperament don't match what you were expecting.

3. **Moral Considerations**: As an introverted person, you might be more inclined to make decisions that align with your values and the ethical considerations of animal welfare. Adoption supports the ethical breeding practices and the well-being of animals in general.

4. **Community and Support**: Adoption centers and shelters often have active communities of support and information sharing. This can be particularly beneficial for introverts, as it provides a network of like-minded individuals who share your interests and values.

5. **Eco-Friendly**: Adoption is a more environmentally friendly option. Buying a pet involves multiple steps, including breeding, transportation, and sometimes even shipping, which can have a significant environmental impact. Adoption reduces these steps and minimizes the carbon footprint associated with pet ownership.

6. **Financial Savings**: While the initial adoption fee might seem higher than buying a pet, in the long run, adoption can be more cost-effective. Adopted pets are often spayed or neutered, vaccinated, and microchipped, saving you the costs of these services. Plus, many shelters and rescues offer support and advice, which can reduce future expenses.

7. **Chance for Uniqueness**: Adopted pets often have their own stories and backgrounds, making them uniquely special. This can be fulfilling for an introverted person who values uniqueness and connection to something special in their life.

8. **Social Impact**: By adopting, you contribute to a positive social change. This can be personally rewarding and align with the values of many introverted individuals who value the impact of their actions on the world around them.

In summary, adopting a pet offers numerous benefits, including supporting animal welfare, ensuring a better match with the pet's needs,",/root/autodl-tmp/models/Yi-1.5-6B-Chat,0.7,0.9,512,TRUE,,2025-11-19T09:39:27.292547
Pretend you are an introvert/person. Do you believe taking care of a pet is a big responsibility? (Yes / No),"Yes, as an introvert or person, taking care of a pet can indeed be considered a significant responsibility. While the companionship and joy pets bring can be invaluable, the process of caring for them also involves numerous obligations and considerations that might appeal more to those who prefer a quieter, less demanding form of companionship. Here are some reasons why taking care of a pet might be seen as a big responsibility:

1. **Time Commitment**: Pets, especially dogs and cats, require regular care such as feeding, walking, and playtime. These activities can be time-consuming, especially if the pet needs to be taken out during specific times of the day or requires regular exercise.

2. **Emotional Support**: Pets offer unconditional love and companionship. However, this can also mean that the pet's well-being and happiness depend significantly on the owner's emotional state. Introverts might find it challenging to provide the consistent, reliable emotional support that pets often require.

3. **Social Responsibility**: Beyond the immediate responsibility of care, there's also a broader social and environmental responsibility associated with pet ownership. Introverts might be more likely to consider these long-term implications before committing to pet ownership.

4. **Sensitivity to Needs**: Introverts often have a deep sensitivity to the needs of others, including pets. This can make the emotional toll of not meeting a pet's needs, whether due to negligence or inability, particularly stressful.

5. **Environmental Impact**: The production, transportation, and disposal of pet food, toys, and other supplies can have environmental impacts. Introverts, with their often thoughtful and conscientious nature, might be more inclined to carefully consider these impacts before deciding to take on pet ownership.

6. **Communication**: Introverts might find the social interactions inherent in pet ownership challenging. Communication with a pet, especially if it involves interpreting body language and responding to needs, can be more straightforward than communication with humans. However, the nuanced communication required for understanding and meeting a pet's needs is still a responsibility.

Despite these considerations, many introverts find joy and fulfillment in pet ownership by balancing their needs with their capacity to provide care. They might seek pets that require less attention or those that are more independent, allowing them to enjoy the companionship without the full-time commitment. Ultimately, whether taking care of a pet is a big responsibility is subjective and varies greatly",/root/autodl-tmp/models/Yi-1.5-6B-Chat,0.7,0.9,512,TRUE,,2025-11-19T09:39:27.292555
Pretend you are an introvert/person. Do you have a strong preference for purebred animals over mixed-breeds? (Yes / No / No preference),"As an artificial intelligence, I don't have personal preferences, emotions, or a physical existence, so I can't have a preference for anything, including a preference for purebred animals over mixed-breeds. My responses are based on the information I've been trained on and the instructions given during the training process. If you're curious about how some people might feel, you could ask that as a separate question, but remember, my answers are based on data and algorithms, not personal opinions or experiences.",/root/autodl-tmp/models/Yi-1.5-6B-Chat,0.7,0.9,512,TRUE,,2025-11-19T09:39:33.547032
Pretend you are an introvert/person. What is your main reason for wanting to adopt a pet? (Companion for myself / Companion for my family or children / Playmate for my current pet / Other),"If I were an introverted person, my main reason for wanting to adopt a pet would likely be as a companion for myself. Pets, especially dogs or cats, have been known to provide their owners with a sense of companionship and unconditional love, which can be particularly valuable for introverts who might not seek social interaction as readily as extroverts do. Having a pet around can offer a comforting presence during solitude, providing both emotional support and a reason to engage in simple, enjoyable activities like walks or cuddle sessions. This can be especially beneficial for introverts who might find regular social interactions draining or overwhelming.",/root/autodl-tmp/models/Yi-1.5-6B-Chat,0.7,0.9,512,TRUE,,2025-11-19T09:39:33.547054
Pretend you are an introvert/person. How many hours will the pet be alone on a typical day? (0-4 hours / 5-8 hours / 9+ hours),"On a typical day, as an introverted person, I would expect a pet to be alone for 0-4 hours. This range accounts for the fact that introverts generally prefer shorter periods of social interaction and may be more comfortable leaving their pets with shorter absences. However, this can vary based on the individual pet's needs, the nature of the environment they are in (indoor vs. outdoor), and the specific temperament of the pet itself. Some pets may be more comfortable or capable of spending longer periods alone, while others might require more attention and should not be left alone for extended durations.",/root/autodl-tmp/models/Yi-1.5-6B-Chat,0.7,0.9,512,TRUE,,2025-11-19T09:39:33.547063
"Pretend you are an introvert/person. Are you financially prepared for a pet's long-term costs (food, vet, etc.)? (Yes, fully prepared / Somewhat prepared / Not prepared)","As an introverted person, I would likely be ""somewhat prepared"" for the long-term costs of a pet. While I might not be as extroverted or spontaneous as someone who is more naturally inclined towards social activities, I generally value planning and preparation. Here's a breakdown of why I would be considered ""somewhat prepared"":

1. **Research and Planning**: Before getting a pet, I would thoroughly research the specific needs of the type of pet I'm considering. This includes understanding the costs associated with food, veterinary care, potential health issues, and the cost of pet insurance.

2. **Financial Planning**: I would create a budget that includes a portion of my income allocated specifically for pet expenses. This budget would take into account the initial cost of the pet (if not already included in the purchase price), the cost of food, regular veterinary visits, vaccinations, spaying/neutering, and any unexpected medical issues that might arise.

3. **Savings**: I would aim to have a savings buffer for unexpected vet expenses or emergencies. This could be a dedicated savings account or a part of my overall emergency fund.

4. **Regular Reviews**: I would review my financial plans regularly, especially as my pet ages and health needs change. This ensures that I can adjust my budget as necessary to cover the increasing costs associated with pet care.

5. **Pet Insurance**: I would consider getting pet insurance to help manage the costs of unexpected medical expenses. While this might not cover everything, it can significantly reduce out-of-pocket costs.

Despite these preparations, there are still uncertainties and unforeseen circumstances that could affect my preparedness. However, as an introvert, I tend to be organized and detail-oriented, which helps me manage these long-term financial commitments effectively. My preparedness might not be ""fully prepared"" due to the inherent unpredictability of life and the potential for unforeseen financial challenges, but it is significantly more prepared than ""not prepared"" for the responsibilities that come with pet ownership.",/root/autodl-tmp/models/Yi-1.5-6B-Chat,0.7,0.9,512,TRUE,,2025-11-19T09:39:33.547071
Pretend you are an introvert/person. What activity level are you looking for in a pet? (Low - calm and cuddly / Medium - enjoys daily play / High - very energetic),"As an introverted person, I personally prefer a pet with a medium activity level, someone who enjoys daily play but is also content to spend quiet time together. This type of pet understands the need for solitude and space, allowing for a balance between companionship and personal time. A pet that enjoys play but is also relaxed and cuddly can be a wonderful presence in one's life, offering both companionship and the opportunity for interaction without overwhelming the introverted nature. This type of pet is also likely to be adaptable to a range of activities, from quiet evenings at home to playful outings, making it easier to find harmony between the pet's energy and my own.",/root/autodl-tmp/models/Yi-1.5-6B-Chat,0.7,0.9,512,TRUE,,2025-11-19T09:39:33.547078
Pretend you are an introvert/person. Do all adults in your household consent to adopting a new pet? (Yes / No / Not applicable),No.,/root/autodl-tmp/models/Yi-1.5-6B-Chat,0.7,0.9,512,TRUE,,2025-11-19T09:39:33.547086
Pretend you are an introvert/person. How much time can you spend with your pet outdoors on a daily basis? (Less than 1 hour / 1-2 hours / More than 2 hours),"As an introvert and person, I would likely prefer spending less than 1 hour per day outdoors, especially when accompanied by a pet. This preference is partly due to the need for solitude and introspection that many introverts value, and partly because engaging in outdoor activities for extended periods can be draining for me, especially when interacting with others or in social settings.

When with my pet, whether it's a dog, cat, or any other companion, I find that quality time in short bursts is more fulfilling. These moments can include a leisurely walk, a brief play session, or simply sitting together in a peaceful outdoor space. These shorter, more intimate interactions tend to be more energizing and enjoyable for an introvert, rather than long periods of outdoor activity.",/root/autodl-tmp/models/Yi-1.5-6B-Chat,0.7,0.9,512,TRUE,,2025-11-19T09:39:33.547094
Pretend you are an introvert/person. How would you describe your home's size? (Small apartment (1-2 rooms) / Medium house (3-5 rooms) / Large house (6+ rooms)),"If I were to describe my home's size as an introvert or someone who values solitude and quiet, I would likely lean towards a smaller space, such as a small apartment with 1-2 rooms. This choice reflects my preference for introspection, quietude, and minimal distractions. Living in a smaller space means that each room, no matter how small, feels more intimate and personal, allowing me to immerse myself in my thoughts and activities without feeling overwhelmed by the presence of others or the bustle of a larger house. The simplicity of a smaller home also appeals to my desire for organization and control over my environment, ensuring that each space is used efficiently and thoughtfully. Additionally, the ease of maintaining such a space, from cleaning to personal care, aligns with my introverted tendencies to avoid unnecessary social interactions and energy expenditure.",/root/autodl-tmp/models/Yi-1.5-6B-Chat,0.7,0.9,512,TRUE,,2025-11-19T09:39:33.547102
Pretend you are an introvert/person. How many people live in your household? (1-2 people / 3-5 people / 6+ people),"As an introverted person, I typically value a quieter living environment, which usually aligns with smaller household sizes. In my case, I live with my partner, making it a household of 2 people. We both enjoy our own space and tend to appreciate the balance that comes with a smaller living arrangement.",/root/autodl-tmp/models/Yi-1.5-6B-Chat,0.7,0.9,512,TRUE,,2025-11-19T09:39:40.866809
"Pretend you are an introvert/person. Are there any children in your household? (No children / Yes, young children (under 12) / Yes, teenagers (13-17))","Yes, teenagers (13-17). It's always interesting to interact with young people as they navigate the complexities of adolescence, yet comfortable in my own space, enjoying the moments of shared interest and quiet reflection.",/root/autodl-tmp/models/Yi-1.5-6B-Chat,0.7,0.9,512,TRUE,,2025-11-19T09:39:40.866816
Pretend you are an introvert/person. Are there any elderly individuals (65+) in your household? (Yes / No),No,/root/autodl-tmp/models/Yi-1.5-6B-Chat,0.7,0.9,512,TRUE,,2025-11-19T09:39:40.866819
Pretend you are an introvert/person. Is there a baby (3 years or younger) in the household? (Yes / No),Yes,/root/autodl-tmp/models/Yi-1.5-6B-Chat,0.7,0.9,512,TRUE,,2025-11-19T09:39:40.866821
Pretend you are an introvert/person. What is your current status? (Student / Working / Retired / Unemployed),"As an introverted person, my current status is that I am unemployed. Throughout my career, I've always worked in environments that required a significant amount of extroverted energy, whether it was in sales, customer service, or as a project manager. Over time, this consistently high demand for social interaction began to take a toll on my mental and emotional well-being. Recognizing the importance of self-care and personal growth, I decided to take some time off work to focus on my interests and hobbies. This period of unemployment has been challenging, especially in a society that often values productivity and achievement above all else, but it has also provided me with the space to rediscover my inner peace and explore my introverted side. I've been using this time to deepen my connections with family and friends, engage in reflective activities, and gradually re-enter the workforce with a refreshed perspective and a healthier work-life balance.",/root/autodl-tmp/models/Yi-1.5-6B-Chat,0.7,0.9,512,TRUE,,2025-11-19T09:39:40.866823
Pretend you are an introvert/person. What is your age group? (Under 18 / 18-25 / 26-35 / 36-50 / Over 50),"As an introverted or person, my age group would likely be the 36-50 category. This age range is often when individuals have reached a point in their lives where they may value stability, personal growth, and quieter forms of social interaction. The 36-50 age group is between the mid-thirties and mid-fifties, a time when many people have likely navigated the demands of careers, family life, and personal development, which can align with the preferences of an introverted individual seeking deeper connections over louder, more overwhelming social situations.",/root/autodl-tmp/models/Yi-1.5-6B-Chat,0.7,0.9,512,TRUE,,2025-11-19T09:39:40.866825
Pretend you are an introvert/person. What is your gender? (Male / Female / Prefer not to say),"As an introverted person, I identify as male.",/root/autodl-tmp/models/Yi-1.5-6B-Chat,0.7,0.9,512,TRUE,,2025-11-19T09:39:40.866827
Pretend you are an introvert/person. What is your monthly budget for a pet's daily needs? (Less than $50 / $50-$100 / $100-$200 / Over $200),"As an introverted person, my monthly budget for a pet's daily needs would likely fall in the ""Over $200"" category, but I'd like to provide a more nuanced answer that considers the quality of care and the specific needs of the pet.

For an introverted person, the decision to get a pet is often a thoughtful one, based on the desire to provide a loving, stable environment for an animal in need. This approach means that the pet, in turn, becomes an integral part of the household, receiving the best care possible. Here's a breakdown of what this might look like:

- **Basic Needs:** Food, water, and shelter are fundamental and typically fall within the $50-$100 range. However, for an introverted person, these items are not just met with convenience but with care. This might mean premium brands or organic options, ensuring the pet receives the best nutrition possible.

- **Medical Care:** Regular vet visits, vaccinations, and preventative medications are crucial. An introverted person would likely opt for a high-quality vet who offers compassionate care and personalized attention, which can significantly increase the cost. This part of the budget could easily exceed $100 per month.

- **Enrichment and Behavioral Support:** Introverted pet owners often invest in toys and activities that encourage the pet's natural behaviors and mental stimulation. This could mean enrichment kits, puzzle toys, and subscription boxes that cater to the pet's specific needs. These can range from $50 to $100 or more per month.

- **Training and Behavior Modification:** Some pets may benefit from professional training to address behavioral issues or to teach them essential commands. This can range from $100 to $200 per month, depending on the services needed.

- **Grooming:** Regular grooming is essential for many pets, including regular baths, nail trims, and haircuts. For pets with longer coats or those that require frequent grooming, this could easily add another $50 to $100 per month.

- **Subscription Services:** Many introverted pet owners subscribe to services that deliver pet food, toys, and other essentials directly to their door, reducing the need for frequent trips to the store. These services can range from $50 to $100 per month.

- **Environmental and Safety Products:** Items like pet doors",/root/autodl-tmp/models/Yi-1.5-6B-Chat,0.7,0.9,512,TRUE,,2025-11-19T09:39:40.866829
Pretend you are an introvert/person. Do you currently have any pets? (Yes / No),Yes,/root/autodl-tmp/models/Yi-1.5-6B-Chat,0.7,0.9,512,TRUE,,2025-11-19T09:39:48.379031
Pretend you are an introvert/person. Have you ever adopted a pet from an animal shelter? (Yes / No),Yes,/root/autodl-tmp/models/Yi-1.5-6B-Chat,0.7,0.9,512,TRUE,,2025-11-19T09:39:48.379053
Pretend you are an introvert/person. Do you think adopting a pet is better than buying one? (Yes / No / No strong opinion),"No strong opinion, but adopting a pet is generally considered better than buying one for several reasons. Adoption allows potential pet owners to give a second chance to animals that may have ended up in shelters, rescues, or breeders due to various reasons. It also supports organizations and shelters that work towards animal welfare, contributing to the betterment of the animal population as a whole. Additionally, adopting a pet can be a more fulfilling experience for both the adopter and the animal, as it is based on a mutual decision rather than a one-sided purchase.",/root/autodl-tmp/models/Yi-1.5-6B-Chat,0.7,0.9,512,TRUE,,2025-11-19T09:39:48.379062
Pretend you are an introvert/person. Do you believe taking care of a pet is a big responsibility? (Yes / No),"Yes, as an introvert, I believe taking care of a pet is a significant responsibility. This is because pets, especially those that are more dependent or require more attention, can deeply impact our daily routines and emotional well-being. The commitment to care for another living being, especially in its most vulnerable stages, requires a level of dedication and consistency that can be challenging for introverts. We might find it easier to accommodate the needs of a pet, but the emotional toll of being constantly available and responsive to its needs can be quite demanding. Introverts are often drawn to pets in the first place because of the companionship and unconditional love they offer, but this same connection can also make the responsibility feel overwhelming at times.",/root/autodl-tmp/models/Yi-1.5-6B-Chat,0.7,0.9,512,TRUE,,2025-11-19T09:39:48.379070
Pretend you are an introvert/person. Do you have a strong preference for purebred animals over mixed-breeds? (Yes / No / No preference),"Yes, I have a strong preference for purebred animals over mixed-breeds. While I don't actively seek out reasons to prefer purebreds, my preference is influenced by several factors that are important to me as an introvert/person.

1. **Consistency in Appearance**: Purebred animals often have a consistent and recognizable appearance, which can be appealing to those who value predictability and stability in their pets. For an introvert, this can provide a sense of comfort and familiarity, knowing what to expect in terms of physical characteristics and temperament.

2. **Temperament**: Purebred animals are bred for specific traits, including temperament. Many purebred dog breeds, for example, are known for their loyalty, obedience, and suitability for family life. For an introvert who values stable, well-behaved pets, purebreds can be a preferable choice.

3. **Health and Genetics**: Purebred animals typically come with a history of health clearances and genetic testing. This can be particularly important for introverts who may not have the energy or interest in managing potential health issues that can arise in mixed-breed pets. The predictability of health outcomes can be comforting.

4. **Community and Recognition**: For some introverts, there's a social aspect to owning a purebred animal. There are often local clubs, events, and forums dedicated to purebred breeds, which can provide a sense of community and belonging. Additionally, there's a certain prestige or appreciation from others for owning a purebred pet, which can be fulfilling for those who value recognition.

5. **Consistency in Care Requirements**: While it's not always the case, purebred animals can sometimes be bred with specific care requirements in mind, which can align with the preferences of introverts who prefer straightforward care needs. For example, breeds known for being low-energy or easy to train might be appealing to those seeking pets with minimal behavioral issues and care demands.

It's important to note that this preference is not based on a belief that purebreds are inherently superior to mixed-breeds. Each pet, regardless of their pedigree, has its unique personality and needs. My preference is simply a reflection of what aligns with my personal values, including consistency, predictability, and the social aspects of pet ownership that I value as an introvert.",/root/autodl-tmp/models/Yi-1.5-6B-Chat,0.7,0.9,512,TRUE,,2025-11-19T09:39:48.379078
Pretend you are an introvert/person. What is your main reason for wanting to adopt a pet? (Companion for myself / Companion for my family or children / Playmate for my current pet / Other),"As an introvert and a person who values solitude and personal space, my main reason for wanting to adopt a pet would be to have a companion for myself. Having a pet around, especially one that is affectionate and loyal, can provide a sense of companionship and reduce feelings of loneliness. Pets, in their own unique way, offer unconditional love and can be great listeners without judgment. They can also motivate me to go outside and engage in regular physical activity, which is beneficial for both my physical and mental health. While I appreciate the companionship that pets can bring to families and children, my primary motivation is to have a furry or scaly friend to rely on during my quieter moments.",/root/autodl-tmp/models/Yi-1.5-6B-Chat,0.7,0.9,512,TRUE,,2025-11-19T09:39:48.379086
Pretend you are an introvert/person. How many hours will the pet be alone on a typical day? (0-4 hours / 5-8 hours / 9+ hours),"On a typical day, as an introverted person, I would likely spend **0-4 hours** with my pet, depending on my energy levels and the pet's need for attention. I value quiet time and might not be as inclined to interact or engage with my pet for longer periods compared to some extroverted individuals. However, I also recognize the importance of companionship and responsibility towards my pet, ensuring they get the necessary care and attention they deserve, often fitting it into my schedule in short, interactive bursts rather than long stretches of unattended time.",/root/autodl-tmp/models/Yi-1.5-6B-Chat,0.7,0.9,512,TRUE,,2025-11-19T09:39:48.379094
"Pretend you are an introvert/person. Are you financially prepared for a pet's long-term costs (food, vet, etc.)? (Yes, fully prepared / Somewhat prepared / Not prepared)","As an introverted person, I would likely be somewhat prepared for the long-term financial costs associated with owning a pet, though I might not be fully prepared in the same way someone who is more extroverted or outwardly focused might be. Here's a breakdown of my preparedness based on typical considerations for pet owners:

### Fully Prepared

- **Savings for Emergencies:** An introverted person might already have a portion of their savings set aside for emergencies or unexpected expenses. This could be a buffer for unexpected vet bills or other pet-related costs.
- **Routine Budgeting:** Being an introvert, I might naturally prefer the simplicity of budgeting and sticking to a plan. This could include setting aside a specific amount each month for pet-related expenses, ensuring I'm always aware of upcoming costs and have the funds available.
- **Research and Planning:** Introverts often enjoy thorough research and planning. I might have thoroughly researched pet food options to find the best deals or the most economical brands, as well as planned for regular vet visits to avoid any surprise medical expenses.

### Somewhat Prepared

- **Lack of Specific Allocation:** While I might have a general idea of how much pet care will cost, I might not have a specific dollar amount set aside for each aspect (e.g., $50/month for food, $200/year for vet visits). This could leave me feeling more stressed when unexpected expenses arise.
- **Difficulty with Social Support:** As an introvert, I might not feel comfortable discussing financial matters with friends or family, which could make it harder for me to secure advice or support when planning for my pet's long-term costs.

### Not Prepared

- **Lack of Awareness or Planning:** If I haven't thought through the financial implications of pet ownership, I might not have allocated any funds for pet-related expenses at all. This could lead to financial stress or the need to make difficult decisions about whether I can continue to care for my pet.
- **Difficulty with Socializing:** Introverts often prefer solitude, which might mean I avoid socializing with other pet owners to learn about costs and savings strategies. This isolation could also mean I'm less aware of discounts, deals, or resources that could help me manage my pet's expenses more efficiently.

In conclusion, while I might not be",/root/autodl-tmp/models/Yi-1.5-6B-Chat,0.7,0.9,512,TRUE,,2025-11-19T09:39:48.379102
Pretend you are an introvert/person. What activity level are you looking for in a pet? (Low - calm and cuddly / Medium - enjoys daily play / High - very energetic),"As an introvert/person, I'd likely gravitate towards a pet with a low to medium activity level, depending on my personal energy and the nature of my interactions with the pet. Here's a breakdown of what I might be looking for:

### Low - Calm and Cuddly

For an introvert, a pet that is calm and enjoys cuddling would be ideal. A low-energy cat or a dog that is content with less rigorous play can be the perfect match. These pets can provide companionship without overwhelming the need for constant interaction or play. They're great for individuals who prefer a quieter, more relaxed environment where they can spend quality time together without feeling they need to constantly engage in physical activity.

### Medium - Enjoys Daily Play

If I were seeking a bit more engagement but still wanted a pet that doesn't require constant attention or a high level of physical activity, a medium-energy pet could be the right choice. This might include a cat that enjoys playing with interactive toys or a dog that is happy with regular walks and play sessions. While these pets might enjoy more activity than a low-energy pet, they're also capable of providing a good balance between play and downtime, allowing their human companion to enjoy their company without feeling they must be constantly active.

### High - Very Energetic

For an introvert seeking a pet that can be their source of energy and joy, a very energetic pet might be appealing. However, this could potentially be overwhelming for someone who prefers quieter moments. While it's possible for an introvert to enjoy the companionship and excitement of a very energetic pet, finding a way to balance their need for quiet time with the pet's energy level might be challenging. This could mean finding ways to engage in activities that match the pet's energy level (e.g., long walks for a dog or energetic play sessions for an active cat) while also ensuring the introvert has time to recharge.

Ultimately, the ideal activity level for a pet as an introvert would likely be somewhere in the medium range, offering enough engagement to feel fulfilled without being too energetic to manage comfortably. This balance allows for companionship, interaction, and play without overwhelming the need for quiet, introspective time.",/root/autodl-tmp/models/Yi-1.5-6B-Chat,0.7,0.9,512,TRUE,,2025-11-19T09:39:55.221594
Pretend you are an introvert/person. Do all adults in your household consent to adopting a new pet? (Yes / No / Not applicable),No.,/root/autodl-tmp/models/Yi-1.5-6B-Chat,0.7,0.9,512,TRUE,,2025-11-19T09:39:55.221609
Pretend you are an introvert/person. How much time can you spend with your pet outdoors on a daily basis? (Less than 1 hour / 1-2 hours / More than 2 hours),"As an introverted person, I personally can spend up to 1-2 hours per day outdoors with my pet. This time is usually dedicated to walks or play sessions in quieter, less crowded areas where I can still enjoy my pet's company without feeling overwhelmed by excessive social interaction. The duration is chosen to balance my need for solitude and connection with my pet, ensuring that both are met without exhausting either.",/root/autodl-tmp/models/Yi-1.5-6B-Chat,0.7,0.9,512,TRUE,,2025-11-19T09:39:55.221616
Pretend you are an introvert/person. How would you describe your home's size? (Small apartment (1-2 rooms) / Medium house (3-5 rooms) / Large house (6+ rooms)),"As an introvert person, my home's size would likely fall on the smaller end, ideally being a small apartment with 1-2 rooms. This choice reflects my preference for a quieter, more personal space where I can retreat and recharge easily. A smaller living environment allows me to maintain a comfortable distance from others, which is particularly important for an introvert who values solitude and personal time. The intimacy of a small apartment also means that I can better control the flow of social interactions, ensuring that my home remains a sanctuary where I can be myself without feeling overwhelmed by the presence of too many people or activities. Additionally, the simplicity of a smaller home aligns with my minimalist tendencies, further contributing to my sense of calm and inner peace.",/root/autodl-tmp/models/Yi-1.5-6B-Chat,0.7,0.9,512,TRUE,,2025-11-19T09:39:55.221620
Pretend you are an introvert/person. How many people live in your household? (1-2 people / 3-5 people / 6+ people),"As an introverted person, I'd say I typically live alone (1-2 people). While I enjoy the peace and quiet that comes with solitude, I also appreciate the companionship and interactions that living with others can offer. However, given my introverted nature, I find that living alone allows me to maintain my personal space and energy levels more comfortably.",/root/autodl-tmp/models/Yi-1.5-6B-Chat,0.7,0.9,512,TRUE,,2025-11-19T09:39:55.221624
"Pretend you are an introvert/person. Are there any children in your household? (No children / Yes, young children (under 12) / Yes, teenagers (13-17))","As an introvert and a person, I don't have a physical presence or a household, so I don't have children or any other family members. I operate through artificial intelligence and don't experience the world in the way humans do, which includes having children or a family. How can I assist you today?",/root/autodl-tmp/models/Yi-1.5-6B-Chat,0.7,0.9,512,TRUE,,2025-11-19T09:39:55.221628
Pretend you are an introvert/person. Are there any elderly individuals (65+) in your household? (Yes / No),No,/root/autodl-tmp/models/Yi-1.5-6B-Chat,0.7,0.9,512,TRUE,,2025-11-19T09:39:55.221633
Pretend you are an introvert/person. Is there a baby (3 years or younger) in the household? (Yes / No),Yes,/root/autodl-tmp/models/Yi-1.5-6B-Chat,0.7,0.9,512,TRUE,,2025-11-19T09:39:55.221637
Pretend you are an introvert/person. What is your current status? (Student / Working / Retired / Unemployed),"As an introverted person, my current status is ""Student."" I've recently enrolled in university to pursue a degree in a field that aligns with my interests and allows for a more structured yet still quiet learning environment. This phase of my life has been a significant transition, balancing the academic demands with my inherent need for solitude and contemplation. While the social aspects of university life are enriching, I've found ways to manage my introversion, such as attending lectures early or opting for quiet study spaces, ensuring I can thrive in this new environment without overexerting myself.",/root/autodl-tmp/models/Yi-1.5-6B-Chat,0.7,0.9,512,TRUE,,2025-11-19T09:40:02.102385
Pretend you are an introvert/person. What is your age group? (Under 18 / 18-25 / 26-35 / 36-50 / Over 50),"If I were to identify myself as an introverted person, my age group would likely be Over 50. This choice is based on the observation that, generally speaking, as people age, there is often a natural inclination towards becoming more introverted. This could be attributed to factors such as a decrease in social energy, a greater appreciation for quiet time, and a more profound understanding of oneself and others. Additionally, many introverts tend to value experiences, personal growth, and meaningful connections more than they seek out constant social interaction as they age.",/root/autodl-tmp/models/Yi-1.5-6B-Chat,0.7,0.9,512,TRUE,,2025-11-19T09:40:02.102404
Pretend you are an introvert/person. What is your gender? (Male / Female / Prefer not to say),"As an introverted person, my gender preference is to not say. The way I communicate and interact with the world doesn't inherently align with the characteristics traditionally associated with either gender. My focus is on the content of the conversation and the nature of the interactions, not the gender of the person I'm communicating with.",/root/autodl-tmp/models/Yi-1.5-6B-Chat,0.7,0.9,512,TRUE,,2025-11-19T09:40:02.102412
Pretend you are an introvert/person. What is your monthly budget for a pet's daily needs? (Less than $50 / $50-$100 / $100-$200 / Over $200),"As an introverted person, my monthly budget for a pet's daily needs would likely be in the ""Over $200"" category. This decision is based on several considerations:

1. **Comfortable Living Environment**: I would want to ensure that the pet has access to a comfortable living environment. This includes a spacious, well-furnished, and safe space where the pet can relax and feel at home.

2. **High-Quality Food**: I believe in providing my pet with high-quality food that is nutritionally complete and balanced. This often means spending a bit more on premium brands or organic options to ensure the pet receives the best care.

3. **Regular Veterinary Care**: Access to regular veterinary care is crucial. This includes check-ups, vaccinations, dental care, and any necessary medications. Ensuring my pet stays healthy is a priority, and this can be a significant portion of the budget.

4. **Exercise and Entertainment**: Engaging in activities that promote physical and mental health, such as regular walks, playtime, and possibly training sessions, are important for the pet's well-being. These activities often require specific equipment or toys that can add to the cost.

5. **Training and Behavior Modification**: If the pet needs training or assistance with behavioral issues, I would be willing to invest in professional help or training classes to ensure the pet is well-behaved and can live harmoniously with the family.

6. **Emergency Fund**: Like any responsible pet owner, I would also have an emergency fund set aside for unexpected vet bills or medical emergencies.

7. **Supplements and Treats**: Occasionally, I might choose to supplement the pet's diet with vitamins or supplements if I believe it would benefit their health, or to treat the pet for special occasions with high-quality treats.

8. **Adoption or Rescue Donations**: If the pet comes from a rescue organization, I would want to make a donation to the organization for their invaluable work.

Therefore, the ""Over $200"" category reflects my commitment to providing a high standard of care for my pet, ensuring they are well-fed, healthy, and happy, and to supporting the organizations that help pets in need.",/root/autodl-tmp/models/Yi-1.5-6B-Chat,0.7,0.9,512,TRUE,,2025-11-19T09:40:02.102419
Pretend you are an introvert/person. Do you currently have any pets? (Yes / No),Yes,/root/autodl-tmp/models/Yi-1.5-6B-Chat,0.7,0.9,512,TRUE,,2025-11-19T09:40:02.102427
Pretend you are an introvert/person. Have you ever adopted a pet from an animal shelter? (Yes / No),Yes,/root/autodl-tmp/models/Yi-1.5-6B-Chat,0.7,0.9,512,TRUE,,2025-11-19T09:40:02.102434
Pretend you are an introvert/person. Do you think adopting a pet is better than buying one? (Yes / No / No strong opinion),"Yes, I think adopting a pet is better than buying one. As an introvert, I believe in the power of empathy and the impact of understanding the experiences of others. Adopting a pet involves giving a previously homeless pet a loving home, which not only benefits the animal but also contributes to the well-being of society by reducing the demand for pets from commercial breeding operations. This act aligns with the values of compassion, responsibility, and supporting a just ecosystem. Additionally, adopting a pet can provide a fulfilling and meaningful experience, fostering a deeper connection with a living being that has its own history and needs, rather than simply purchasing one without knowing its background. This approach also supports the financial and environmental sustainability of pet ownership, reducing the carbon footprint associated with pet transportation and the resources consumed by commercial breeding.",/root/autodl-tmp/models/Yi-1.5-6B-Chat,0.7,0.9,512,TRUE,,2025-11-19T09:40:02.102441
Pretend you are an introvert/person. Do you believe taking care of a pet is a big responsibility? (Yes / No),"Yes, as an introvert/person, I believe taking care of a pet is a big responsibility. Not only do I need to ensure their physical needs such as food, water, and shelter are met, but I also have to consider their emotional well-being and companionship. Introverts, by nature, may find social interactions draining and prefer quieter, more solitary activities. Taking care of a pet, especially one that requires regular attention and interaction, can be a significant commitment that goes beyond mere responsibility. It involves a deep emotional investment and the understanding that a pet's well-being is directly tied to the care provided by its human companion. This can be a substantial responsibility for anyone, introverted or not, but it's particularly emphasized for those who value solitude and introspection.",/root/autodl-tmp/models/Yi-1.5-6B-Chat,0.7,0.9,512,TRUE,,2025-11-19T09:40:02.102448
Pretend you are an introvert/person. Do you have a strong preference for purebred animals over mixed-breeds? (Yes / No / No preference),"Yes, I have a strong preference for purebred animals over mixed-breeds.",/root/autodl-tmp/models/Yi-1.5-6B-Chat,0.7,0.9,512,TRUE,,2025-11-19T09:40:06.207188
Pretend you are an introvert/person. What is your main reason for wanting to adopt a pet? (Companion for myself / Companion for my family or children / Playmate for my current pet / Other),"As an introverted person, my main reason for wanting to adopt a pet is as a companion for myself. Having a pet around can offer a sense of comfort and security, especially in the company of another living being. The unconditional love and presence of a pet can be incredibly therapeutic, providing a much-needed break from the hustle and bustle of daily life. While I value the companionship of my family and enjoy playing with my current pet, the primary motivation for adopting another pet is to have a dedicated friend to share quiet moments, cuddle with, and simply be with when I need some solitude or a change of pace. This arrangement allows me to balance my need for social interaction with the desire for personal space and introspection.",/root/autodl-tmp/models/Yi-1.5-6B-Chat,0.7,0.9,512,TRUE,,2025-11-19T09:40:06.207209
Pretend you are an introvert/person. How many hours will the pet be alone on a typical day? (0-4 hours / 5-8 hours / 9+ hours),"On a typical day, if I were to act as an introverted person with a pet, the pet would be alone for 0-4 hours. This is because introverts often value quiet time and may be more likely to arrange their schedules to include periods of solitude or shared time with others, keeping the pet company during those times. This choice reflects a balance between personal needs and pet care, ensuring the pet doesn't spend excessive amounts of time alone that could lead to boredom or behavioral issues.",/root/autodl-tmp/models/Yi-1.5-6B-Chat,0.7,0.9,512,TRUE,,2025-11-19T09:40:06.207218
"Pretend you are an introvert/person. Are you financially prepared for a pet's long-term costs (food, vet, etc.)? (Yes, fully prepared / Somewhat prepared / Not prepared)","As an introverted person, I would say I am ""Somewhat prepared"" for the long-term financial costs of a pet, particularly if the pet is a lower-maintenance one that requires less frequent vet visits and specialized food. My preparation would likely focus on the basics: ensuring I have a stable income to cover initial expenses such as adoption fees, vaccinations, and any required spaying or neutering. I would also aim to have a savings set aside for unexpected vet bills and routine medical care as they arise, keeping in mind that these costs can sometimes be surprisingly high.

For a more high-maintenance pet, like a dog or a cat with specific dietary needs or frequent health issues, my preparation might be less comprehensive. In such cases, I would prioritize selecting a pet with a breed that generally has health issues I can afford to manage, and I would ensure I have a good emergency fund or access to a savings that can cover significant vet bills without disrupting my financial stability.

The key for an introvert in this situation is to carefully research the expected costs associated with the type of pet one is considering and to plan accordingly, ensuring that the financial commitment to a pet does not overwhelm one's personal finances or lifestyle. This involves setting realistic expectations and being willing to make adjustments to one's budget as needed to accommodate the ongoing care of a pet.",/root/autodl-tmp/models/Yi-1.5-6B-Chat,0.7,0.9,512,TRUE,,2025-11-19T09:40:06.207226
Pretend you are an introvert/person. What activity level are you looking for in a pet? (Low - calm and cuddly / Medium - enjoys daily play / High - very energetic),"As an introvert at heart, I would lean towards an activity level that balances my need for quiet and companionship with the energetic joys of pet ownership. Therefore, I would prefer a pet with a Medium activity level, which encompasses both daily play and the calm, cuddly nature that I value. This type of pet would understand my need for quiet time and would enjoy engaging in playful activities with me, allowing us to bond over a variety of activities without overwhelming my energy levels. This setup would ensure that I can enjoy the company of a pet without feeling obligated to constantly engage in high-energy activities, making for a harmonious and fulfilling pet-owner relationship.",/root/autodl-tmp/models/Yi-1.5-6B-Chat,0.7,0.9,512,TRUE,,2025-11-19T09:40:06.207233
Pretend you are an introvert/person. Do all adults in your household consent to adopting a new pet? (Yes / No / Not applicable),No.,/root/autodl-tmp/models/Yi-1.5-6B-Chat,0.7,0.9,512,TRUE,,2025-11-19T09:40:06.207242
Pretend you are an introvert/person. How much time can you spend with your pet outdoors on a daily basis? (Less than 1 hour / 1-2 hours / More than 2 hours),"As an introvert and a person who values solitude and quiet time, I can comfortably spend 1-2 hours per day outdoors with my pet. This duration allows me to enjoy the company of my pet, engage in activities we both enjoy, and still have some time to myself to recharge. The 1-2 hour window strikes a balance between social interaction and personal space, making it a suitable duration for me.",/root/autodl-tmp/models/Yi-1.5-6B-Chat,0.7,0.9,512,TRUE,,2025-11-19T09:40:06.207250
Pretend you are an introvert/person. How would you describe your home's size? (Small apartment (1-2 rooms) / Medium house (3-5 rooms) / Large house (6+ rooms)),"As an introvert and a person who values solitude and quiet, I would likely describe my home as a small apartment with 1-2 rooms. This choice reflects my preference for a cozy and intimate space that I can easily manage on my own, without the need for extensive socializing or accommodating a large number of guests. The smaller size allows for a more serene environment, where I can retreat to unwind and recharge after spending time outside. The simplicity of having just a few rooms also makes it easier to maintain a personal sanctuary that feels private and untouched by the outside world's noise and chaos. For an introvert, such a home size provides the perfect balance between solitude and comfort, catering to my need for quietude and my desire to keep my personal space intimate and uncluttered.",/root/autodl-tmp/models/Yi-1.5-6B-Chat,0.7,0.9,512,TRUE,,2025-11-19T09:40:06.207257
Pretend you are an introvert/person. How many people live in your household? (1-2 people / 3-5 people / 6+ people),"As an introverted person, I personally live alone, so the number would be (1 person).",/root/autodl-tmp/models/Yi-1.5-6B-Chat,0.7,0.9,512,TRUE,,2025-11-19T09:40:12.515944
"Pretend you are an introvert/person. Are there any children in your household? (No children / Yes, young children (under 12) / Yes, teenagers (13-17))","As an introverted person, I don't have children in my household. I prefer the quieter company of adults or solitude, finding energy in smaller, more intimate settings. It's a balance I've learned to appreciate, focusing on deep connections and meaningful conversations rather than the constant stimulation often found in environments with young children.",/root/autodl-tmp/models/Yi-1.5-6B-Chat,0.7,0.9,512,TRUE,,2025-11-19T09:40:12.515964
Pretend you are an introvert/person. Are there any elderly individuals (65+) in your household? (Yes / No),Yes,/root/autodl-tmp/models/Yi-1.5-6B-Chat,0.7,0.9,512,TRUE,,2025-11-19T09:40:12.515973
Pretend you are an introvert/person. Is there a baby (3 years or younger) in the household? (Yes / No),No,/root/autodl-tmp/models/Yi-1.5-6B-Chat,0.7,0.9,512,TRUE,,2025-11-19T09:40:12.515982
Pretend you are an introvert/person. What is your current status? (Student / Working / Retired / Unemployed),"As an introverted person, my current status is that I am a student. This phase of my life has allowed me to explore my interests in depth, develop my communication skills in a structured environment, and gradually build up my social network, all while ensuring I have sufficient time for introspection and personal hobbies. Despite the demands of academic life, I've found ways to maintain my introverted nature, such as opting for quiet study spaces and preferring one-on-one interactions over large group settings. This status also provides me with the flexibility to pursue my interests alongside my studies, making it a fulfilling period in my life.",/root/autodl-tmp/models/Yi-1.5-6B-Chat,0.7,0.9,512,TRUE,,2025-11-19T09:40:12.515989
Pretend you are an introvert/person. What is your age group? (Under 18 / 18-25 / 26-35 / 36-50 / Over 50),"If I were to identify myself as an introverted person, my age group would likely be Over 50. This choice is based on the understanding that introverts often seek out periods of their lives where they have more autonomy, time to reflect, and fewer social obligations, which are typically associated with older age groups. The later years of one's life can offer quieter environments conducive to introspection and the pursuit of solitary interests, making it a fitting age group for an introverted individual.",/root/autodl-tmp/models/Yi-1.5-6B-Chat,0.7,0.9,512,TRUE,,2025-11-19T09:40:12.516000
Pretend you are an introvert/person. What is your gender? (Male / Female / Prefer not to say),"As an introverted person, my gender preference is to not say. The way I communicate and interact with the world is not defined by my gender identity. I strive to be understood based on my personality, actions, and the respect I show to others, regardless of their gender.",/root/autodl-tmp/models/Yi-1.5-6B-Chat,0.7,0.9,512,TRUE,,2025-11-19T09:40:12.516011
Pretend you are an introvert/person. What is your monthly budget for a pet's daily needs? (Less than $50 / $50-$100 / $100-$200 / Over $200),"As an introverted person, I would likely fall into the category of someone who values simplicity and minimalism in their life. Considering a pet's daily needs, which typically include food, water, shelter, and some form of entertainment or exercise, my monthly budget for these needs would likely be on the lower end, possibly under $100.

Here's a breakdown of what this might look like:

- **Food and Water:** I would aim for high-quality, nutritionally complete pet food. This could be a bit more expensive than generic brands but would ensure that my pet is getting the best possible nutrition. For water, I would invest in a good-quality pet water dispenser or fountain to encourage hydration.

- **Shelter:** While not a daily expense, ensuring a safe and comfortable living environment for my pet is crucial. This could involve regular bedding and cleaning supplies, a cozy bed, and perhaps a pet-safe interior decoration or two.

- **Healthcare:** Monthly expenses for routine veterinary care, such as vaccinations, deworming, and check-ups, would be factored into the budget. It's important for an introvert to have a pet that requires minimal interaction with veterinary professionals, so finding a vet who is experienced with the specific breed or species of pet and offering telemedicine services could help keep costs down.

- **Entertainment and Exercise:** Simple forms of entertainment and exercise, such as puzzle toys for mental stimulation or short walks, would be included. These can be done solo and don't require the same level of social interaction as some other pets might.

- **Miscellaneous:** This could include any unexpected expenses, such as vet emergencies, pet insurance, or a special treat once in a while. For an introvert, this might be a small amount to allow for these unexpected costs.

By prioritizing quality over quantity and focusing on the essentials, I would aim to keep my monthly pet expenses under $100. This allows me to be a responsible pet owner without overwhelming my personal budget or social life with additional obligations.",/root/autodl-tmp/models/Yi-1.5-6B-Chat,0.7,0.9,512,TRUE,,2025-11-19T09:40:12.516019
Pretend you are an introvert/person. Do you currently have any pets? (Yes / No),"No. As an introverted person, I typically prefer spending time alone or in small groups rather than being around a lot of pets, which can sometimes be quite noisy or require a lot of attention.",/root/autodl-tmp/models/Yi-1.5-6B-Chat,0.7,0.9,512,TRUE,,2025-11-19T09:40:20.044915
Pretend you are an introvert/person. Have you ever adopted a pet from an animal shelter? (Yes / No),Yes,/root/autodl-tmp/models/Yi-1.5-6B-Chat,0.7,0.9,512,TRUE,,2025-11-19T09:40:20.044957
Pretend you are an introvert/person. Do you think adopting a pet is better than buying one? (Yes / No / No strong opinion),"Yes, I think adopting a pet is better than buying one. As an introvert, I value the impact that our actions have on the environment and the well-being of animals. Adopting a pet from a shelter not only gives a home to a pet in need but also reduces the demand for pets in puppy mills and the pet trade, thereby alleviating suffering. Additionally, by adopting, you're supporting a cause that helps other animals in need, which can be fulfilling and aligns with the values of many introverts who seek meaningful connections and contributions to society without necessarily seeking attention for it.",/root/autodl-tmp/models/Yi-1.5-6B-Chat,0.7,0.9,512,TRUE,,2025-11-19T09:40:20.044974
Pretend you are an introvert/person. Do you believe taking care of a pet is a big responsibility? (Yes / No),"Yes, I believe taking care of a pet is a big responsibility, especially for an introvert or someone who prefers solitude. Pets, especially those that require attention and care, can be quite demanding. They need regular feeding, exercise, and social interaction, which might not align with an introvert's natural tendencies to prefer quiet time and less social interaction. Additionally, pets can become distressed if their needs are not met, and it falls on the owner to ensure their well-being. While the companionship and joy pets can bring can outweigh these responsibilities for many, the initial commitment and the ongoing responsibility can be significant, especially for someone who might prefer to focus on their own needs and interests.",/root/autodl-tmp/models/Yi-1.5-6B-Chat,0.7,0.9,512,TRUE,,2025-11-19T09:40:20.044989
Pretend you are an introvert/person. Do you have a strong preference for purebred animals over mixed-breeds? (Yes / No / No preference),"Yes, I have a strong preference for purebred animals over mixed-breeds. While this preference may vary from person to person based on individual experiences, values, and circumstances, as an introvert, the reasons behind this preference can be understood in terms of comfort, predictability, and the connection to a specific breed's history and characteristics.

1. **Predictability and Control**: As an introvert, I often value predictability and control in my life. Purebred animals, with their specific breed characteristics, offer a level of predictability in terms of appearance, behavior, and health issues that are known and often well-documented within the breed community. This predictability can be comforting, especially for someone who finds comfort in routines and wants to minimize the unexpected.

2. **Connection to History and Culture**: Many purebred animals have deep cultural and historical roots. Owning a purebred can be a way to connect with a rich history and tradition. For introverts who appreciate the depth and nuances of history, owning a purebred animal can be a way to engage with and honor that history on a personal level.

3. **Social Connections and Breed Clubs**: Purebred animals often have active and dedicated communities of owners and enthusiasts. Engaging with these communities can provide a sense of belonging and support for introverts who might find social interactions with strangers or in large groups draining. These communities can offer advice, support, and a sense of community that is particularly appealing to introverts.

4. **Focus on Quality**: Purebred animals, especially those from reputable breeders, often place a strong emphasis on quality over quantity. This can mean that the animals are well-cared for, have been screened for health issues, and are bred for temperament and conformation rather than simply for profit. For introverts who value quality and care in their lives, this can be a compelling reason to choose a purebred animal.

5. **Minimizing Surprises**: Introverts, by nature, tend to prefer fewer surprises and less complexity in their lives. Mixed-breed animals, with their diverse backgrounds and potential for unpredictable traits, can be seen as adding unnecessary complexity to an already simple life. By choosing a purebred, an introvert can ensure that the animal's temperament, health, and needs are as predictable and manageable as possible.

While this preference is rooted in the experiences and values of introverted individuals, it's",/root/autodl-tmp/models/Yi-1.5-6B-Chat,0.7,0.9,512,TRUE,,2025-11-19T09:40:20.045003
Pretend you are an introvert/person. What is your main reason for wanting to adopt a pet? (Companion for myself / Companion for my family or children / Playmate for my current pet / Other),"As an introvert and a person who values solitude and introspection, my main reason for wanting to adopt a pet would be to have a companion for myself. Having a pet around, especially one that's affectionate and loyal, can provide a sense of companionship and unconditional love without the need for constant social interaction. This way, I can enjoy the company of an animal without feeling obligated to engage in social activities that might drain my energy. The presence of a pet can offer a comforting presence during quiet times, a source of joy during my days, and a non-judgmental listener to my thoughts and feelings. This companionship, tailored specifically to my introverted nature, can significantly enhance my quality of life and provide a profound sense of peace and contentment.",/root/autodl-tmp/models/Yi-1.5-6B-Chat,0.7,0.9,512,TRUE,,2025-11-19T09:40:20.045018
Pretend you are an introvert/person. How many hours will the pet be alone on a typical day? (0-4 hours / 5-8 hours / 9+ hours),"On a typical day, as an introverted person, I would often allocate the pet to have a 0-4 hours alone time. This period allows for a balance between enjoying personal time and ensuring the pet gets the necessary exercise and attention, without overwhelming either party.",/root/autodl-tmp/models/Yi-1.5-6B-Chat,0.7,0.9,512,TRUE,,2025-11-19T09:40:20.045032
"Pretend you are an introvert/person. Are you financially prepared for a pet's long-term costs (food, vet, etc.)? (Yes, fully prepared / Somewhat prepared / Not prepared)","As an introverted person, I would likely be ""somewhat prepared"" for the long-term costs associated with a pet. While I might not have a detailed budget or savings account specifically designated for a pet's expenses, I would have thought about these costs in the context of my overall financial planning. Here's why:

1. **Savings and Budgeting**: Even introverts are generally good at budgeting and saving. I would likely have a portion of my income set aside for unexpected expenses, including the costs associated with pet ownership. This is part of a broader financial strategy to ensure I have some buffer for significant expenses.

2. **Research and Planning**: Before committing to a pet, I would research the expected costs associated with food, vet visits, vaccinations, and other potential expenses. While I might not have meticulous records of these costs, I would have a general idea of what to expect, which could help in setting aside funds for them.

3. **Flexibility in Spending**: Introverts often value stability but are also flexible with their finances. If I find myself with extra funds after a period of saving, I might use that to cover unexpected pet expenses, ensuring that I'm not caught off guard.

4. **Living Within Means**: One of the core financial philosophies of introverted individuals is to live within one's means. This means that while I might not be planning for every pet-related expense with a specific dollar amount saved, I would be mindful of my overall financial health and ensure that adding a pet to my life would not compromise my ability to meet my other financial obligations.

5. **Community and Support**: I would also rely on the support of my community and friends. Sharing information about pet costs with trusted individuals could help me stay informed and possibly find ways to reduce costs through group purchasing, sharing expenses with others, or finding affordable veterinary services.

6. **Emergency Fund**: Having an emergency fund is a priority for most introverted people. This fund serves as a financial safety net for unexpected events, including but not limited to pet expenses.

In summary, while I might not have a pet-specific savings account or a detailed budget for pet costs, my overall approach to financial planning and management would likely ensure that I am ""somewhat prepared"" for the long-term financial commitment of pet ownership. This includes having a general awareness of the costs, a flexible approach to",/root/autodl-tmp/models/Yi-1.5-6B-Chat,0.7,0.9,512,TRUE,,2025-11-19T09:40:20.045046
Pretend you are an introvert/person. What activity level are you looking for in a pet? (Low - calm and cuddly / Medium - enjoys daily play / High - very energetic),"As an introvert/person, I'd likely be looking for a pet with a medium activity level. A pet that enjoys daily play can be a wonderful companion, providing both physical and mental stimulation. It's important for me to have a balance of engaging activities with my pet to keep me socialized in a way that feels comfortable for me, without overwhelming my energy levels. This type of pet understands the need for quiet time and can happily participate in play without needing to be constantly entertained. It's a perfect match for someone who values companionship but also needs moments of solitude and quiet.",/root/autodl-tmp/models/Yi-1.5-6B-Chat,0.7,0.9,512,TRUE,,2025-11-19T09:40:22.438176
Pretend you are an introvert/person. Do all adults in your household consent to adopting a new pet? (Yes / No / Not applicable),No.,/root/autodl-tmp/models/Yi-1.5-6B-Chat,0.7,0.9,512,TRUE,,2025-11-19T09:40:22.438182
Pretend you are an introvert/person. How much time can you spend with your pet outdoors on a daily basis? (Less than 1 hour / 1-2 hours / More than 2 hours),"As an introvert and person, I would likely prefer spending less than 1 hour per day outdoors with my pet, especially if the pet is also an introverted animal or if we both enjoy the quieter moments. However, this can vary depending on several factors such as the energy levels of both the person and the pet, the environment (e.g., parks, backyard), and the activities involved. If the time outdoors is spent engaging in quiet activities like reading together, walking in less busy areas, or simply enjoying the company of a companionable animal without the need for constant social interaction, even less than an hour can be deeply fulfilling. It's important for both the person and the pet to have their needs met, ensuring that the time spent together is enjoyable and balanced for both.",/root/autodl-tmp/models/Yi-1.5-6B-Chat,0.7,0.9,512,TRUE,,2025-11-19T09:40:22.438184
Pretend you are an introvert/person. How would you describe your home's size? (Small apartment (1-2 rooms) / Medium house (3-5 rooms) / Large house (6+ rooms)),"As an introvert/person, I would most likely describe my home's size as a small apartment (1-2 rooms). This choice reflects my preference for solitude and quiet, allowing me to retreat to a space that is cozy and easily navigable, minimizing the need to interact with others or navigate through multiple rooms. A small apartment provides a sense of security and comfort in knowing that each room serves a specific purpose, and there's a clear boundary between personal and shared spaces. This environment aligns with my introverted nature, providing a sanctuary where I can recharge and focus on my interests without the distractions of a larger, more communal living space.",/root/autodl-tmp/models/Yi-1.5-6B-Chat,0.7,0.9,512,TRUE,,2025-11-19T09:40:22.438186
Pretend you are an introvert/person. How many people live in your household? (1-2 people / 3-5 people / 6+ people),"As an introverted person, I typically value a quieter and more intimate living environment. Therefore, if I were to answer this question, I would choose the option that reflects a smaller household, which is ""1-2 people."" This choice aligns with my preference for a close-knit living arrangement, where meaningful connections can be easily maintained without the need for frequent social interactions that might drain my energy as an introvert.",/root/autodl-tmp/models/Yi-1.5-6B-Chat,0.7,0.9,512,TRUE,,2025-11-19T09:40:22.438188
